{
    "@class": "com.kony.gen.viz.model.component.KVizButton",
    "DNDConfig": null,
    "__parentReadjusting__": false,
    "_height_": {
        "type": "string",
        "value": "50dp"
    },
    "_left_": {
        "type": "string",
        "value": "24dp"
    },
    "_margin_": [
        6,
        6,
        6,
        6
    ],
    "_padding_": [
        0,
        0,
        0,
        0
    ],
    "_skin_": "s5d12616f7864bf596d4d3546713a436",
    "_text_": "TestTapjack",
    "_top_": {
        "type": "string",
        "value": "261dp"
    },
    "_width_": {
        "type": "string",
        "value": "300dp"
    },
    "canUpdateUI": true,
    "containerweight": 100,
    "contentalignment": 5,
    "displaytext": true,
    "focusskin": "sdbc6a26dd6440b4ad4aa2469d552a95",
    "id": "Button0fcfaa6fcb1b844",
    "info": null,
    "iscustomlayout": false,
    "isvisible": true,
    "kuid": "cc7eb91b81984de49380b8c3b8feb31d",
    "name": "kony.ui.Button",
    "parent": "Form1",
    "pf": "Form1",
    "retaincontentalignment": false,
    "retainflexpositionproperties": false,
    "wType": "Button",
    "zindex": 1
}