{
    "DNDConfig": null,
    "_height_": {
        "type": "string",
        "value": "75dp"
    },
    "_margin_": [
        0,
        0,
        0,
        0
    ],
    "_orientation_": 6,
    "_padding_": [
        0,
        0,
        0,
        0
    ],
    "_percent_": true,
    "_skin_": "sa985589b985438bba0a1c07e6f12e6c",
    "allboxes": [],
    "autogrowmode": 0,
    "canUpdateUI": true,
    "children": [
        "lblHeading",
        "lblDescription",
        "lblTime",
        "lblStrip"
    ],
    "clipbounds": true,
    "containerId": true,
    "containerweight": 100,
    "enablescrolling": true,
    "id": "flxSampleRowTemplate",
    "info": null,
    "isTemplate": true,
    "isvisible": true,
    "kuid": "cdceab0b7a904beb85bceba1159c0d44",
    "layouttype": 2,
    "name": "kony.ui.FlexContainer",
    "parent": "SampleRowTemplate",
    "pf": "SampleRowTemplate",
    "snapgridsize": 10,
    "snaptogrid": true,
    "wType": "FlexContainer",
    "widgetalignment": 1
}