{
    "APPLICATION_THEME": "default",
    "appaddrkey": "",
    "appidkey": "TestTapjacking",
    "appnamekey": "TestTapjacking",
    "apppackagekey": "",
    "appversionkey": "1.0.0",
    "build": "debug",
    "category": "app",
    "createdVizVersion": "8.3.7",
    "createdgaversion": "8.3.7",
    "currentgaversion": "8.3.7",
    "enableCustomData": false,
    "enableProgressiveWeb": false,
    "enableResponsive": true,
    "isDeveloperMode": "true",
    "isDpScaleFactor": true,
    "isMVC": false,
    "isNewAppWithRespectToAndroidPackageName": "",
    "konyVizVersion": "8.3.7",
    "mastersProperties": {
        "mastersVersion": "2.0.0"
    },
    "mwaddrkey": "",
    "mwhttpsportkey": "",
    "mwportkey": "",
    "project.type": "js",
    "project_version": "sprint32",
    "referenceWidth": "375",
    "startupformkey": "d190c8d8cd7946b49f2fd2d48b650478",
    "vendornamekey": "KonyLabs",
    "winmobileguidkey": "",
    "defaulttheme": "defaultTheme",
    "cloud_account_guid": "e43ec0e1-6837-46f6-9e7d-3894a5d204ce",
    "nativeContainerProperties": {
        "isEnableJSContainerAndroid": true,
        "isModified": true,
        "isEnableJSContaineriOS": true,
        "isEnableJSContainer": true
    },
    "wap_bb400_fontsize": "14",
    "wap_bb360_fontsize": "13",
    "wap_spawindowstab_fontsize": "17",
    "wap_android360_fontsize": "13",
    "isA11yConfigEnabled": false,
    "wap_android440_fontsize": "15",
    "wap_android400_fontsize": "14",
    "wap_spaandroidtabhdpi_fontsize": "18",
    "cordovaVersionInfo": {
        "useGlobalCordova": false
    },
    "wap_bb320_fontsize": "15",
    "enableCordova": false,
    "wap_bb240_fontsize": "12",
    "enableIdForAutomation": false,
    "desktopwebbasefontsize": "16",
    "wap_android240_fontsize": "10",
    "wap_spaandroidtabldpi_fontsize": "14",
    "wap_spaandroidtabmdpi_fontsize": "16",
    "wap_bb480_fontsize": "17",
    "wap_winphone480_fontsize": "12",
    "wap_android640_fontsize": "19",
    "wap_android320_fontsize": "12",
    "wap_spaandroidtab_fontsize": "17",
    "wap_android480_fontsize": "16",
    "wap_winphone320_fontsize": "12",
    "wap_spaipad_fontsize": "17",
    "wap_ip_fontsize": "12",
    "cordovaModified": false,
    "wap_bb440_fontsize": "15",
    "watchos_shortlooknotificationicon_42": "",
    "statusBarHidden": "false",
    "watchos_longlooknotificationicon_42": "",
    "watchos_companionSettings3x29": "",
    "watchos_homeScreen40": "",
    "watchos_companionSettings2x29": "",
    "watchos_shortlooknotificationicon_38": "",
    "watchos_notificationcentericon_38": "",
    "watchos_notificationcentericon_42": "",
    "watchos_watchMarketing1x": "",
    "enableactionbar": false,
    "enablexfsdw": false,
    "enablexfsspa": false,
    "appmenu": {
        "tablet": {
            "data": [
                {
                    "windows8": {
                        "appBarButtonStyle": "No Style",
                        "position": "BOTTOM_LEFT"
                    },
                    "android": {
                        "showAsFlag": 0
                    },
                    "kuid": "f92b220bb9b1438fa1e163c07d845a75",
                    "icon": {
                        "default": "option1.png"
                    },
                    "id": "appmenuitemid1",
                    "title": "Item 1"
                },
                {
                    "windows8": {
                        "appBarButtonStyle": "No Style",
                        "position": "BOTTOM_LEFT"
                    },
                    "android": {
                        "showAsFlag": 0
                    },
                    "kuid": "fefc6ee9615b4eddb210b5399b29f3ad",
                    "icon": {
                        "default": "option2.png"
                    },
                    "id": "appmenuitemid2",
                    "title": "Item 2"
                },
                {
                    "windows8": {
                        "appBarButtonStyle": "No Style",
                        "position": "BOTTOM_LEFT"
                    },
                    "android": {
                        "showAsFlag": 0
                    },
                    "kuid": "fd2ec1bd881742acb4e39d1aaaaabdc4",
                    "icon": {
                        "default": "option3.png"
                    },
                    "id": "appmenuitemid3",
                    "title": "Item 3"
                },
                {
                    "windows8": {
                        "appBarButtonStyle": "No Style",
                        "position": "BOTTOM_LEFT"
                    },
                    "android": {
                        "showAsFlag": 0
                    },
                    "kuid": "be1d642f2e9345e99d58a5d2fa9db5bd",
                    "icon": {
                        "default": "option4.png"
                    },
                    "id": "appmenuitemid4",
                    "title": "Item 4"
                }
            ]
        },
        "desktop": {
            "data": [
                {
                    "kuid": "ca52cb297d104e26afee8f3861f5155d",
                    "icon": {
                        "default": "option1.png"
                    },
                    "id": "appmenuitemid1",
                    "title": "Item 1"
                },
                {
                    "kuid": "gc6370598bdf4dc0b3918e8dd37fd56d",
                    "icon": {
                        "default": "option2.png"
                    },
                    "id": "appmenuitemid2",
                    "title": "Item 2"
                },
                {
                    "kuid": "dc526f3f573649bdb5852f0ebca1a3b5",
                    "icon": {
                        "default": "option3.png"
                    },
                    "id": "appmenuitemid3",
                    "title": "Item 3"
                },
                {
                    "kuid": "bcca0f28e89649528617ab6c80cd036b",
                    "icon": {
                        "default": "option4.png"
                    },
                    "id": "appmenuitemid4",
                    "title": "Item 4"
                }
            ]
        },
        "focusskin": null,
        "osVersion": "iOS7",
        "wType": "Appmenu",
        "focusSkin": null,
        "mobile": {
            "data": [
                {
                    "kuid": "b46407119cef4a1c909c2374426cf53e",
                    "android": {
                        "showAsFlag": 0
                    },
                    "icon": {
                        "default": "option1.png"
                    },
                    "id": "appmenuitemid1",
                    "title": "Item 1"
                },
                {
                    "kuid": "g100eabb6482474cbe422a10f30d80f5",
                    "android": {
                        "showAsFlag": 0
                    },
                    "icon": {
                        "default": "option2.png"
                    },
                    "id": "appmenuitemid2",
                    "title": "Item 2"
                },
                {
                    "kuid": "e6e70ecd38154e9b8dedddcf2e4a57f3",
                    "android": {
                        "showAsFlag": 0
                    },
                    "icon": {
                        "default": "option3.png"
                    },
                    "id": "appmenuitemid3",
                    "title": "Item 3"
                },
                {
                    "kuid": "dc3657f374a44fd0904c2f932b47a42b",
                    "android": {
                        "showAsFlag": 0
                    },
                    "icon": {
                        "default": "option4.png"
                    },
                    "id": "appmenuitemid4",
                    "title": "Item 4"
                }
            ]
        },
        "skin": null,
        "osPlatform": ""
    }
}